{
    "Model Name": "model_ltb (pipeline)",
    "Precision Score": 0.5549132947976878,
    "Recall Score": 0.2917933130699088,
    "Accuracy Score": 0.42408376963350786,
    "ROC AUC Score": 0.6215449803806218
}